seed,query_id,variant,runtime_ms,mean_relevance,best_relevance,balance,diversity,hypervolume_proxy,ndcg_at_k,mean_semantic_score,mean_band_gap_score,mean_density_score,mean_porosity_score,mean_stability_score,coverage,novelty
42,q1_co2_adsorption,SemanticOnly,8.299999998406804e-05,0.46286487579345703,0.4651694893836975,0.0,0.06416328996419907,2.2449508918498395e-10,0.9719886587943841,0.44999998807907104,0.9813195466995239,0.5990620851516724,0.0,0.8500000238418579,1.0,0.04128754884004593
42,q1_co2_adsorption,WeightedSum,0.00012499999990644994,0.47267183661460876,0.4744685888290405,0.0,0.008607196621596813,2.5033813910724234e-10,1.0,0.44999998807907104,1.0,0.6544787883758545,0.0,0.8500000238418579,1.0,0.06010851263999939
42,q1_co2_adsorption,LEA,143.34383300000007,0.47126060724258423,0.4744685888290405,0.0,0.07932743430137634,2.447448077536052e-10,0.9963843381869881,0.44999998807907104,0.9709603190422058,0.6605581045150757,0.0,0.8500000238418579,1.0,0.07736240327358246
42,q1_co2_adsorption,GraphSAGE-only,0.020541000000040555,0.4630468785762787,0.4698196053504944,0.0,0.09801392257213593,2.233823820363412e-10,0.9783004073833584,0.44999998807907104,0.9560602307319641,0.6137470006942749,0.0,0.8500000238418579,1.0,0.05560676008462906
42,q1_co2_adsorption,LEA + GraphSAGE,128.87879099999998,0.47130218148231506,0.4744685888290405,0.0,0.07546157389879227,2.446888802687397e-10,0.99664506791858,0.44999998807907104,0.9666562080383301,0.6631309390068054,0.0,0.8500000238418579,1.0,0.07840178161859512
42,q1_co2_adsorption,GAT-only,0.025541999999934006,0.4650551378726959,0.4744685888290405,0.0,0.05619654804468155,2.3077854904851591e-10,0.9851995030545735,0.44999998807907104,0.9944792985916138,0.606645405292511,0.0,0.8500000238418579,1.0,0.03629155829548836
42,q1_co2_adsorption,LEA + GAT,92.38725000000004,0.47130218148231506,0.4744685888290405,0.0,0.07546157389879227,2.446888802687397e-10,0.99664506791858,0.44999998807907104,0.9666562080383301,0.6631309390068054,0.0,0.8500000238418579,1.0,0.07840178161859512
42,q2_photocatalysis,SemanticOnly,0.00016700000005087645,0.8529559373855591,0.8539198040962219,0.0,0.01959465816617012,5.892198950974148e-10,0.9869173962128599,1.0,1.0,0.6931999325752258,0.0,0.8500000238418579,1.0,0.011293628253042698
42,q2_photocatalysis,WeightedSum,0.00012499999990644994,0.8607824444770813,0.8617095351219177,0.0,0.021135833114385605,6.784744432941636e-10,1.0,1.0,0.9983774423599243,0.7995497584342957,0.0,0.8500000238418579,1.0,0.10227654874324799
42,q2_photocatalysis,LEA,101.84883400000011,0.8607824444770813,0.8617095351219177,0.0,0.021135833114385605,6.784744432941636e-10,0.9999472812073708,1.0,0.9983774423599243,0.7995497584342957,0.0,0.8500000238418579,1.0,0.10227654874324799
42,q2_photocatalysis,GraphSAGE-only,0.054333000000017506,0.8523133993148804,0.8561800122261047,0.0,0.028147589415311813,5.823930226966922e-10,0.9864337784999998,1.0,1.0,0.6851683259010315,0.0,0.8500000238418579,1.0,0.026626121252775192
42,q2_photocatalysis,LEA + GraphSAGE,101.6257920000001,0.8579787015914917,0.8617095351219177,0.0,0.06541593372821808,6.425863174897017e-10,0.9964070332121585,1.0,1.0,0.7559839487075806,0.0,0.8500000238418579,1.0,0.07010545581579208
42,q2_photocatalysis,GAT-only,0.021500000000118646,0.8522798418998718,0.8535403609275818,0.0,0.011910664848983288,5.820363080388802e-10,0.986378778381609,1.0,1.0,0.684748649597168,0.0,0.8500000238418579,1.0,0.013852423056960106
42,q2_photocatalysis,LEA + GAT,107.92683300000006,0.8550230264663696,0.8600839972496033,0.0,0.0730547085404396,6.208031866350439e-10,0.992548770393989,1.0,0.9974493980407715,0.7324286103248596,0.0,0.8500000238418579,1.0,0.046285588294267654
42,q3_lightweight_storage,SemanticOnly,8.299999976202344e-05,0.6645897626876831,0.6676316261291504,0.0,0.013059747405350208,8.110560706798018e-19,0.9813410317954927,1.0,0.0,0.9541835784912109,0.0,0.8500000238418579,1.0,0.0489165298640728
42,q3_lightweight_storage,WeightedSum,0.00012500000012849455,0.6728970408439636,0.673728346824646,0.0,0.0023870705626904964,8.296381661529227e-19,1.0,1.0,0.0,0.9760449528694153,0.0,0.8500000238418579,1.0,0.056563057005405426
42,q3_lightweight_storage,LEA,125.04983400000013,0.6657832264900208,0.673728346824646,0.0,0.6102008819580078,4.1249564874945577e-10,0.9854110513967198,1.0,0.5958267450332642,0.8789259791374207,0.0,0.8500000238418579,1.0,0.5958296060562134
42,q3_lightweight_storage,GraphSAGE-only,0.021541000000180333,0.6674221754074097,0.673728346824646,0.0,0.015080046840012074,8.173917571840751e-19,0.9907759876728267,1.0,0.0,0.9616373181343079,0.0,0.8500000238418579,1.0,0.05095868557691574
42,q3_lightweight_storage,LEA + GraphSAGE,148.0790839999999,0.6693373918533325,0.673728346824646,0.0,0.6022002696990967,2.7711957728548953e-10,0.9912861499743031,1.0,0.3955061733722687,0.9146369695663452,0.0,0.8500000238418579,1.0,0.4135240614414215
42,q3_lightweight_storage,GAT-only,0.02037500000007242,0.6686331033706665,0.673728346824646,0.0,0.009156083688139915,8.201002050035152e-19,0.9931561495518243,1.0,0.0,0.9648239016532898,0.0,0.8500000238418579,1.0,0.05134965106844902
42,q3_lightweight_storage,LEA + GAT,80.3995839999998,0.6666387915611267,0.6700463891029358,0.0,0.6025093793869019,2.7711957728548953e-10,0.989513850348794,1.0,0.3955061733722687,0.9075356721878052,0.0,0.8500000238418579,1.0,0.4102415144443512
42,q4_balanced_discovery,SemanticOnly,8.299999976202344e-05,0.5711639523506165,0.5735496282577515,0.0,0.019355762749910355,1.473303562482542e-10,0.951039514791627,0.25,1.0,0.6933193206787109,0.0,0.8500000238418579,1.0,0.011424487456679344
42,q4_balanced_discovery,WeightedSum,8.299999976202344e-05,0.593343198299408,0.5966005325317383,0.0,0.0201918575912714,1.711664976422611e-10,1.0,0.25,0.9929555654525757,0.8112602233886719,0.0,0.8500000238418579,1.0,0.11132273823022842
42,q4_balanced_discovery,LEA,116.35000000000018,0.593343198299408,0.5966005325317383,0.0,0.0201918575912714,1.711664976422611e-10,1.0,0.25,0.9929555654525757,0.8112602233886719,0.0,0.8500000238418579,1.0,0.11132273823022842
42,q4_balanced_discovery,GraphSAGE-only,0.021584000000185455,0.5695337057113647,0.5792001485824585,0.0,0.028147589415311813,1.4559825567417306e-10,0.9534264796676976,0.25,1.0,0.6851682662963867,0.0,0.8500000238418579,1.0,0.028461283072829247
42,q4_balanced_discovery,LEA + GraphSAGE,121.98770899999988,0.5912469625473022,0.5930240154266357,0.0,0.015866074711084366,1.6877030328821263e-10,0.9935982485456684,0.25,0.9974493980407715,0.7962850332260132,0.0,0.8500000238418579,1.0,0.09622260183095932
42,q4_balanced_discovery,GAT-only,0.021124999999955207,0.569449782371521,0.5726009607315063,0.0,0.011910664848983288,1.4550907700972004e-10,0.9493444694146347,0.25,1.0,0.684748649597168,0.0,0.8500000238418579,1.0,0.01616493985056877
42,q4_balanced_discovery,LEA + GAT,91.65549999999989,0.5842214822769165,0.5966005325317383,0.0,0.07831074297428131,1.613648520359945e-10,0.9856006605959416,0.25,0.9958267211914062,0.7627803683280945,0.0,0.8500000238418579,1.0,0.06723347306251526
42,q5_insulating_frameworks,SemanticOnly,8.300000020611265e-05,0.8573349118232727,0.8610939979553223,0.0,0.048921216279268265,5.57218271524107e-10,0.9597180415941692,1.0,0.9836118817329407,0.6668614745140076,0.0,0.8500000238418579,1.0,0.050742458552122116
42,q5_insulating_frameworks,WeightedSum,8.39999998447638e-05,0.8807624578475952,0.8877611756324768,0.0,0.03194258362054825,6.288553011657427e-10,1.0,1.0,1.0,0.7398297190666199,0.0,0.8500000238418579,1.0,0.09199531376361847
42,q5_insulating_frameworks,LEA,139.74337500000013,0.878500759601593,0.8877611756324768,0.0,0.15095579624176025,6.113978767707806e-10,0.9976631862845201,1.0,0.98603755235672,0.7762902975082397,0.0,0.800000011920929,1.0,0.1537509560585022
42,q5_insulating_frameworks,GraphSAGE-only,0.021499999999896602,0.8676360249519348,0.8875277042388916,0.0,0.08754713833332062,5.819306703180871e-10,0.970918199221518,1.0,0.9968555569648743,0.6865954399108887,0.0,0.8500000238418579,1.0,0.0754261165857315
42,q5_insulating_frameworks,LEA + GraphSAGE,109.71054200000019,0.8786234855651855,0.8877611756324768,0.0,0.15009835362434387,6.118722195580517e-10,0.9976779358113965,1.0,0.98603755235672,0.776848316192627,0.0,0.800000011920929,1.0,0.15423956513404846
42,q5_insulating_frameworks,GAT-only,0.021416000000051838,0.8564527630805969,0.8637645840644836,0.0,0.05782619118690491,5.491470611573845e-10,0.9606221287980039,1.0,0.9875640869140625,0.6547679305076599,0.0,0.8500000238418579,1.0,0.054529715329408646
42,q5_insulating_frameworks,LEA + GAT,81.04570799999999,0.8786234855651855,0.8877611756324768,0.0,0.15009835362434387,6.118722195580517e-10,0.9976779358113965,1.0,0.98603755235672,0.776848316192627,0.0,0.800000011920929,1.0,0.15423956513404846
43,q1_co2_adsorption,SemanticOnly,0.00029100000009663063,0.46286487579345703,0.4651694893836975,0.0,0.06416328996419907,2.2449508918498395e-10,0.9719886587943841,0.44999998807907104,0.9813195466995239,0.5990620851516724,0.0,0.8500000238418579,1.0,0.04128754884004593
43,q1_co2_adsorption,WeightedSum,0.0002499999998128999,0.47267183661460876,0.4744685888290405,0.0,0.008607196621596813,2.5033813910724234e-10,1.0,0.44999998807907104,1.0,0.6544787883758545,0.0,0.8500000238418579,1.0,0.06010851263999939
43,q1_co2_adsorption,LEA,122.88900000000025,0.4714239239692688,0.47310811281204224,0.0,0.06906978040933609,2.451564784511362e-10,0.9968361670625493,0.44999998807907104,0.9708409309387207,0.6617107391357422,0.0,0.8500000238418579,1.0,0.07794227451086044
43,q1_co2_adsorption,GraphSAGE-only,0.05020900000030082,0.4630468785762787,0.4698196053504944,0.0,0.09801392257213593,2.233823820363412e-10,0.9783004073833584,0.44999998807907104,0.9560602307319641,0.6137470006942749,0.0,0.8500000238418579,1.0,0.05560676008462906
43,q1_co2_adsorption,LEA + GraphSAGE,101.17787499999986,0.4714239239692688,0.47310811281204224,0.0,0.06906978040933609,2.451564784511362e-10,0.9968361670625493,0.44999998807907104,0.9708409309387207,0.6617107391357422,0.0,0.8500000238418579,1.0,0.07794227451086044
43,q1_co2_adsorption,GAT-only,0.021000000000270802,0.4650551378726959,0.4744685888290405,0.0,0.05619654804468155,2.3077854904851591e-10,0.9851995030545735,0.44999998807907104,0.9944792985916138,0.606645405292511,0.0,0.8500000238418579,1.0,0.03629155829548836
43,q1_co2_adsorption,LEA + GAT,121.46058300000018,0.4714239239692688,0.47310811281204224,0.0,0.06906978040933609,2.451564784511362e-10,0.9968361670625493,0.44999998807907104,0.9708409309387207,0.6617107391357422,0.0,0.8500000238418579,1.0,0.07794227451086044
43,q2_photocatalysis,SemanticOnly,8.299999976202344e-05,0.8529559373855591,0.8539198040962219,0.0,0.01959465816617012,5.892198950974148e-10,0.9869173962128599,1.0,1.0,0.6931999325752258,0.0,0.8500000238418579,1.0,0.011293628253042698
43,q2_photocatalysis,WeightedSum,0.00012499999968440534,0.8607824444770813,0.8617095351219177,0.0,0.021135833114385605,6.784744432941636e-10,1.0,1.0,0.9983774423599243,0.7995497584342957,0.0,0.8500000238418579,1.0,0.10227654874324799
43,q2_photocatalysis,LEA,130.6325829999997,0.8607824444770813,0.8617095351219177,0.0,0.021135833114385605,6.784744432941636e-10,0.9999472812073708,1.0,0.9983774423599243,0.7995497584342957,0.0,0.8500000238418579,1.0,0.10227654874324799
43,q2_photocatalysis,GraphSAGE-only,0.022333999999624154,0.8523133993148804,0.8561800122261047,0.0,0.028147589415311813,5.823930226966922e-10,0.9864337784999998,1.0,1.0,0.6851683259010315,0.0,0.8500000238418579,1.0,0.026626121252775192
43,q2_photocatalysis,LEA + GraphSAGE,118.23645900000024,0.8581526875495911,0.8617095351219177,0.0,0.0602579228579998,6.444352274037612e-10,0.9965680263300072,1.0,1.0,0.7581590414047241,0.0,0.8500000238418579,1.0,0.06739216297864914
43,q2_photocatalysis,GAT-only,0.022042000000332962,0.8522798418998718,0.8535403609275818,0.0,0.011910664848983288,5.820363080388802e-10,0.986378778381609,1.0,1.0,0.684748649597168,0.0,0.8500000238418579,1.0,0.013852423056960106
43,q2_photocatalysis,LEA + GAT,89.85412499999956,0.8550230264663696,0.8600839972496033,0.0,0.0730547085404396,6.208032421461951e-10,0.9925785300354725,1.0,0.9974493980407715,0.7324286103248596,0.0,0.8500000238418579,1.0,0.046285588294267654
43,q3_lightweight_storage,SemanticOnly,8.299999976202344e-05,0.6645897626876831,0.6676316261291504,0.0,0.013059747405350208,8.110560706798018e-19,0.9813410317954927,1.0,0.0,0.9541835784912109,0.0,0.8500000238418579,1.0,0.0489165298640728
43,q3_lightweight_storage,WeightedSum,0.00012499999968440534,0.6728970408439636,0.673728346824646,0.0,0.0023870705626904964,8.296381661529227e-19,1.0,1.0,0.0,0.9760449528694153,0.0,0.8500000238418579,1.0,0.056563057005405426
43,q3_lightweight_storage,LEA,116.06712499999983,0.6646326780319214,0.673728346824646,0.0,0.6125403642654419,2.761671447082392e-10,0.9870393049004861,1.0,0.39837735891342163,0.9018784761428833,0.0,0.8500000238418579,1.0,0.4135921597480774
43,q3_lightweight_storage,GraphSAGE-only,0.1344999999997043,0.6674221754074097,0.673728346824646,0.0,0.015080046840012074,8.173917571840751e-19,0.9907759876728267,1.0,0.0,0.9616373181343079,0.0,0.8500000238418579,1.0,0.05095868557691574
43,q3_lightweight_storage,LEA + GraphSAGE,146.29887500000027,0.6618666648864746,0.6664682030677795,0.0,0.603182852268219,4.1344808132670607e-10,0.9808026250367841,1.0,0.5929555296897888,0.8689970970153809,0.0,0.8500000238418579,1.0,0.5890275239944458
43,q3_lightweight_storage,GAT-only,0.025583000000217737,0.6686331033706665,0.673728346824646,0.0,0.009156083688139915,8.201002050035152e-19,0.9931561495518243,1.0,0.0,0.9648239016532898,0.0,0.8500000238418579,1.0,0.05134965106844902
43,q3_lightweight_storage,LEA + GAT,81.44858299999936,0.6651404500007629,0.673728346824646,0.0,0.6129932403564453,2.761671447082392e-10,0.9886317827116072,1.0,0.39837735891342163,0.9032145738601685,0.0,0.8500000238418579,1.0,0.413963258266449
43,q4_balanced_discovery,SemanticOnly,0.00016700000049496566,0.5711639523506165,0.5735496282577515,0.0,0.019355762749910355,1.473303562482542e-10,0.951039514791627,0.25,1.0,0.6933193206787109,0.0,0.8500000238418579,1.0,0.011424487456679344
43,q4_balanced_discovery,WeightedSum,0.00012499999968440534,0.593343198299408,0.5966005325317383,0.0,0.0201918575912714,1.711664976422611e-10,1.0,0.25,0.9929555654525757,0.8112602233886719,0.0,0.8500000238418579,1.0,0.11132273823022842
43,q4_balanced_discovery,LEA,160.63187499999998,0.593343198299408,0.5966005325317383,0.0,0.0201918575912714,1.711664976422611e-10,1.0,0.25,0.9929555654525757,0.8112602233886719,0.0,0.8500000238418579,1.0,0.11132273823022842
43,q4_balanced_discovery,GraphSAGE-only,0.022582999999798403,0.5695337057113647,0.5792001485824585,0.0,0.028147589415311813,1.4559825567417306e-10,0.9534264796676976,0.25,1.0,0.6851682662963867,0.0,0.8500000238418579,1.0,0.028461283072829247
43,q4_balanced_discovery,LEA + GraphSAGE,109.6282500000001,0.5889295339584351,0.5930240154266357,0.0,0.036956172436475754,1.66308120053138e-10,0.9905579022900515,0.25,0.9974493980407715,0.7846983075141907,0.0,0.8500000238418579,1.0,0.08464831113815308
43,q4_balanced_discovery,GAT-only,0.021000000000270802,0.569449782371521,0.5726009607315063,0.0,0.011910664848983288,1.4550907700972004e-10,0.9493444694146347,0.25,1.0,0.684748649597168,0.0,0.8500000238418579,1.0,0.01616493985056877
43,q4_balanced_discovery,LEA + GAT,81.05458300000024,0.5873621702194214,0.5966005325317383,0.0,0.060691941529512405,1.647018216255347e-10,0.9890903262856121,0.25,0.9958267211914062,0.7784837484359741,0.0,0.8500000238418579,1.0,0.07888498902320862
43,q5_insulating_frameworks,SemanticOnly,0.00016599999952404687,0.8573349118232727,0.8610939979553223,0.0,0.048921216279268265,5.57218271524107e-10,0.9597180415941692,1.0,0.9836118817329407,0.6668614745140076,0.0,0.8500000238418579,1.0,0.050742458552122116
43,q5_insulating_frameworks,WeightedSum,8.299999976202344e-05,0.8807624578475952,0.8877611756324768,0.0,0.03194258362054825,6.288553011657427e-10,1.0,1.0,1.0,0.7398297190666199,0.0,0.8500000238418579,1.0,0.09199531376361847
43,q5_insulating_frameworks,LEA,120.07704200000013,0.8786234855651855,0.8877611756324768,0.0,0.15009835362434387,6.118722195580517e-10,0.997573866770363,1.0,0.98603755235672,0.7768483757972717,0.0,0.800000011920929,1.0,0.15423955023288727
43,q5_insulating_frameworks,GraphSAGE-only,0.021582999999658625,0.8676360249519348,0.8875277042388916,0.0,0.08754713833332062,5.819306703180871e-10,0.970918199221518,1.0,0.9968555569648743,0.6865954399108887,0.0,0.8500000238418579,1.0,0.0754261165857315
43,q5_insulating_frameworks,LEA + GraphSAGE,136.27066699999978,0.8788604736328125,0.8877611756324768,0.0,0.12197156250476837,5.986635631671788e-10,0.9975433045264436,1.0,1.0,0.7493659853935242,0.0,0.800000011920929,1.0,0.12593860924243927
43,q5_insulating_frameworks,GAT-only,0.021124999999955207,0.8564527630805969,0.8637645840644836,0.0,0.05782619118690491,5.491470611573845e-10,0.9606221287980039,1.0,0.9875640869140625,0.6547679305076599,0.0,0.8500000238418579,1.0,0.054529715329408646
43,q5_insulating_frameworks,LEA + GAT,86.04154199999937,0.8786234855651855,0.8877611756324768,0.0,0.15009835362434387,6.118722195580517e-10,0.9977984192764706,1.0,0.98603755235672,0.776848316192627,0.0,0.800000011920929,1.0,0.15423956513404846
44,q1_co2_adsorption,SemanticOnly,8.299999976202344e-05,0.46286487579345703,0.4651694893836975,0.0,0.06416328996419907,2.2449508918498395e-10,0.9719886587943841,0.44999998807907104,0.9813195466995239,0.5990620851516724,0.0,0.8500000238418579,1.0,0.04128754884004593
44,q1_co2_adsorption,WeightedSum,0.00012499999968440534,0.47267183661460876,0.4744685888290405,0.0,0.008607196621596813,2.5033813910724234e-10,1.0,0.44999998807907104,1.0,0.6544787883758545,0.0,0.8500000238418579,1.0,0.06010851263999939
44,q1_co2_adsorption,LEA,139.49979199999962,0.47134822607040405,0.47310811281204224,0.0,0.0692669078707695,2.4496352168945634e-10,0.9964492822485203,0.44999998807907104,0.9708409309387207,0.6612063646316528,0.0,0.8500000238418579,1.0,0.07747171074151993
44,q1_co2_adsorption,GraphSAGE-only,0.02120899999979997,0.4630468785762787,0.4698196053504944,0.0,0.09801392257213593,2.233823820363412e-10,0.9783004073833584,0.44999998807907104,0.9560602307319641,0.6137470006942749,0.0,0.8500000238418579,1.0,0.05560676008462906
44,q1_co2_adsorption,LEA + GraphSAGE,113.85595800000026,0.47169002890586853,0.47310811281204224,0.0,0.06628330051898956,2.4583993174509544e-10,0.9973930047750312,0.44999998807907104,0.9709603190422058,0.6634212732315063,0.0,0.8500000238418579,1.0,0.07956373691558838
44,q1_co2_adsorption,GAT-only,0.020000000000131024,0.4650551378726959,0.4744685888290405,0.0,0.05619654804468155,2.3077854904851591e-10,0.9851995030545735,0.44999998807907104,0.9944792985916138,0.606645405292511,0.0,0.8500000238418579,1.0,0.03629155829548836
44,q1_co2_adsorption,LEA + GAT,80.35458300000009,0.4711328446865082,0.4720311462879181,0.0,0.067384272813797,2.4441426660359866e-10,0.9955439425920636,0.44999998807907104,0.9708409309387207,0.6597703695297241,0.0,0.8500000238418579,1.0,0.07611678540706635
44,q2_photocatalysis,SemanticOnly,8.299999976202344e-05,0.8529559373855591,0.8539198040962219,0.0,0.01959465816617012,5.892198950974148e-10,0.9869173962128599,1.0,1.0,0.6931999325752258,0.0,0.8500000238418579,1.0,0.011293628253042698
44,q2_photocatalysis,WeightedSum,8.299999976202344e-05,0.8607824444770813,0.8617095351219177,0.0,0.021135833114385605,6.784744432941636e-10,1.0,1.0,0.9983774423599243,0.7995497584342957,0.0,0.8500000238418579,1.0,0.10227654874324799
44,q2_photocatalysis,LEA,93.32449999999959,0.8607824444770813,0.8617095351219177,0.0,0.021135833114385605,6.784744432941636e-10,0.9999472812073708,1.0,0.9983774423599243,0.7995497584342957,0.0,0.8500000238418579,1.0,0.10227654874324799
44,q2_photocatalysis,GraphSAGE-only,0.023875000000117552,0.8523133993148804,0.8561800122261047,0.0,0.028147589415311813,5.823930226966922e-10,0.9864337784999998,1.0,1.0,0.6851683259010315,0.0,0.8500000238418579,1.0,0.026626121252775192
44,q2_photocatalysis,LEA + GraphSAGE,140.49779199999966,0.8584872484207153,0.8617095351219177,0.0,0.05270204693078995,6.479897174394011e-10,0.9965942372633466,1.0,1.0,0.7623408436775208,0.0,0.8500000238418579,1.0,0.06502591073513031
44,q2_photocatalysis,GAT-only,0.0209169999996206,0.8522798418998718,0.8535403609275818,0.0,0.011910664848983288,5.820363080388802e-10,0.986378778381609,1.0,1.0,0.684748649597168,0.0,0.8500000238418579,1.0,0.013852423056960106
44,q2_photocatalysis,LEA + GAT,93.39454100000033,0.8550230264663696,0.8600839972496033,0.0,0.0730547085404396,6.208032421461951e-10,0.9925785300354725,1.0,0.9974493980407715,0.7324286103248596,0.0,0.8500000238418579,1.0,0.046285588294267654
44,q3_lightweight_storage,SemanticOnly,0.00012500000057258376,0.6645897626876831,0.6676316261291504,0.0,0.013059747405350208,8.110560706798018e-19,0.9813410317954927,1.0,0.0,0.9541835784912109,0.0,0.8500000238418579,1.0,0.0489165298640728
44,q3_lightweight_storage,WeightedSum,0.00012499999968440534,0.6728970408439636,0.673728346824646,0.0,0.0023870705626904964,8.296381661529227e-19,1.0,1.0,0.0,0.9760449528694153,0.0,0.8500000238418579,1.0,0.056563057005405426
44,q3_lightweight_storage,LEA,103.22062500000051,0.6666736602783203,0.6707056164741516,0.0,0.6036683320999146,2.7711957728548953e-10,0.9899262904879197,1.0,0.3955061733722687,0.907627284526825,0.0,0.8500000238418579,1.0,0.4104507565498352
44,q3_lightweight_storage,GraphSAGE-only,0.08366700000017602,0.6674221754074097,0.673728346824646,0.0,0.015080046840012074,8.173917571840751e-19,0.9907759876728267,1.0,0.0,0.9616373181343079,0.0,0.8500000238418579,1.0,0.05095868557691574
44,q3_lightweight_storage,LEA + GraphSAGE,107.09545899999995,0.6679638624191284,0.673728346824646,0.0,0.6063567399978638,2.760502937348974e-10,0.9928714308440509,1.0,0.3958267569541931,0.910980224609375,0.0,0.8500000238418579,1.0,0.41327205300331116
44,q3_lightweight_storage,GAT-only,0.019958000000208642,0.6686331033706665,0.673728346824646,0.0,0.009156083688139915,8.201002050035152e-19,0.9931561495518243,1.0,0.0,0.9648239016532898,0.0,0.8500000238418579,1.0,0.05134965106844902
44,q3_lightweight_storage,LEA + GAT,90.70379200000022,0.6617172956466675,0.6699529886245728,0.0,0.6075097322463989,2.760502937348974e-10,0.982538002688303,1.0,0.3958267569541931,0.89454185962677,0.0,0.8500000238418579,1.0,0.41014933586120605
44,q4_balanced_discovery,SemanticOnly,8.39999998447638e-05,0.5711639523506165,0.5735496282577515,0.0,0.019355762749910355,1.473303562482542e-10,0.951039514791627,0.25,1.0,0.6933193206787109,0.0,0.8500000238418579,1.0,0.011424487456679344
44,q4_balanced_discovery,WeightedSum,0.00012499999968440534,0.593343198299408,0.5966005325317383,0.0,0.0201918575912714,1.711664976422611e-10,1.0,0.25,0.9929555654525757,0.8112602233886719,0.0,0.8500000238418579,1.0,0.11132273823022842
44,q4_balanced_discovery,LEA,105.81570799999973,0.593343198299408,0.5966005325317383,0.0,0.0201918575912714,1.711664976422611e-10,1.0,0.25,0.9929555654525757,0.8112602233886719,0.0,0.8500000238418579,1.0,0.11132273823022842
44,q4_balanced_discovery,GraphSAGE-only,0.022332999999541414,0.5695337057113647,0.5792001485824585,0.0,0.028147589415311813,1.4559825567417306e-10,0.9534264796676976,0.25,1.0,0.6851682662963867,0.0,0.8500000238418579,1.0,0.028461283072829247
44,q4_balanced_discovery,LEA + GraphSAGE,113.41970800000034,0.5912469625473022,0.5930240154266357,0.0,0.015866074711084366,1.6877030328821263e-10,0.9935982485456684,0.25,0.9974493980407715,0.7962850332260132,0.0,0.8500000238418579,1.0,0.09622260183095932
44,q4_balanced_discovery,GAT-only,0.02170899999942577,0.569449782371521,0.5726009607315063,0.0,0.011910664848983288,1.4550907700972004e-10,0.9493444694146347,0.25,1.0,0.684748649597168,0.0,0.8500000238418579,1.0,0.01616493985056877
44,q4_balanced_discovery,LEA + GAT,144.7602090000002,0.588718593120575,0.5966005325317383,0.0,0.05849311873316765,1.6614308540052747e-10,0.9915309790291864,0.25,0.9958267211914062,0.7852662205696106,0.0,0.8500000238418579,1.0,0.0856642872095108
44,q5_insulating_frameworks,SemanticOnly,0.00020799999944642877,0.8573349118232727,0.8610939979553223,0.0,0.048921216279268265,5.57218271524107e-10,0.9597180415941692,1.0,0.9836118817329407,0.6668614745140076,0.0,0.8500000238418579,1.0,0.050742458552122116
44,q5_insulating_frameworks,WeightedSum,0.00012499999968440534,0.8807624578475952,0.8877611756324768,0.0,0.03194258362054825,6.288553011657427e-10,1.0,1.0,1.0,0.7398297190666199,0.0,0.8500000238418579,1.0,0.09199531376361847
44,q5_insulating_frameworks,LEA,133.88654099999897,0.8786234855651855,0.8877611756324768,0.0,0.15009835362434387,6.118722195580517e-10,0.9972824154821434,1.0,0.98603755235672,0.776848316192627,0.0,0.800000011920929,1.0,0.15423955023288727
44,q5_insulating_frameworks,GraphSAGE-only,0.022208000000745187,0.8676360249519348,0.8875277042388916,0.0,0.08754713833332062,5.819306703180871e-10,0.970918199221518,1.0,0.9968555569648743,0.6865954399108887,0.0,0.8500000238418579,1.0,0.0754261165857315
44,q5_insulating_frameworks,LEA + GraphSAGE,107.83804100000083,0.8786234855651855,0.8877611756324768,0.0,0.15009835362434387,6.118722195580517e-10,0.9976779358113965,1.0,0.98603755235672,0.776848316192627,0.0,0.800000011920929,1.0,0.15423956513404846
44,q5_insulating_frameworks,GAT-only,0.020541999999679206,0.8564527630805969,0.8637645840644836,0.0,0.05782619118690491,5.491470611573845e-10,0.9606221287980039,1.0,0.9875640869140625,0.6547679305076599,0.0,0.8500000238418579,1.0,0.054529715329408646
44,q5_insulating_frameworks,LEA + GAT,79.7374590000004,0.8788745999336243,0.8877611756324768,0.0,0.12186920642852783,5.987181306288392e-10,0.9979262383478009,1.0,1.0,0.7494301795959473,0.0,0.800000011920929,1.0,0.12599457800388336
