scenario,physical_weight,formula_weight,graph_weight,method,mean_diversity,diversity_rank,method_order_by_diversity,primary_order_changed_vs_default,notes
final_default_0.55_0.30_0.15,0.55,0.3,0.15,WeightedSum,0.018711538539024308,6,ParetoCrowding>MMR>SemanticOnly>Random>LEA>WeightedSum>TOPSIS,False,Saved final top-K lists rescored under alternative hybrid weights; primary rankings were not rerun.
final_default_0.55_0.30_0.15,0.55,0.3,0.15,LEA,0.022364590496962256,5,ParetoCrowding>MMR>SemanticOnly>Random>LEA>WeightedSum>TOPSIS,False,Saved final top-K lists rescored under alternative hybrid weights; primary rankings were not rerun.
final_default_0.55_0.30_0.15,0.55,0.3,0.15,MMR,0.024115774649926192,2,ParetoCrowding>MMR>SemanticOnly>Random>LEA>WeightedSum>TOPSIS,False,Saved final top-K lists rescored under alternative hybrid weights; primary rankings were not rerun.
final_default_0.55_0.30_0.15,0.55,0.3,0.15,ParetoCrowding,0.026255304754297725,1,ParetoCrowding>MMR>SemanticOnly>Random>LEA>WeightedSum>TOPSIS,False,Saved final top-K lists rescored under alternative hybrid weights; primary rankings were not rerun.
final_default_0.55_0.30_0.15,0.55,0.3,0.15,Random,0.023683892517479915,4,ParetoCrowding>MMR>SemanticOnly>Random>LEA>WeightedSum>TOPSIS,False,Saved final top-K lists rescored under alternative hybrid weights; primary rankings were not rerun.
final_default_0.55_0.30_0.15,0.55,0.3,0.15,SemanticOnly,0.023985299993848262,3,ParetoCrowding>MMR>SemanticOnly>Random>LEA>WeightedSum>TOPSIS,False,Saved final top-K lists rescored under alternative hybrid weights; primary rankings were not rerun.
final_default_0.55_0.30_0.15,0.55,0.3,0.15,TOPSIS,0.018711538539024308,6,ParetoCrowding>MMR>SemanticOnly>Random>LEA>WeightedSum>TOPSIS,False,Saved final top-K lists rescored under alternative hybrid weights; primary rankings were not rerun.
reduced_physical_0.35_0.45_0.20,0.35,0.45,0.2,WeightedSum,0.020332567647926184,6,ParetoCrowding>MMR>SemanticOnly>Random>LEA>WeightedSum>TOPSIS,False,Saved final top-K lists rescored under alternative hybrid weights; primary rankings were not rerun.
reduced_physical_0.35_0.45_0.20,0.35,0.45,0.2,LEA,0.023914230495882916,5,ParetoCrowding>MMR>SemanticOnly>Random>LEA>WeightedSum>TOPSIS,False,Saved final top-K lists rescored under alternative hybrid weights; primary rankings were not rerun.
reduced_physical_0.35_0.45_0.20,0.35,0.45,0.2,MMR,0.026127198518868217,2,ParetoCrowding>MMR>SemanticOnly>Random>LEA>WeightedSum>TOPSIS,False,Saved final top-K lists rescored under alternative hybrid weights; primary rankings were not rerun.
reduced_physical_0.35_0.45_0.20,0.35,0.45,0.2,ParetoCrowding,0.029081859911329593,1,ParetoCrowding>MMR>SemanticOnly>Random>LEA>WeightedSum>TOPSIS,False,Saved final top-K lists rescored under alternative hybrid weights; primary rankings were not rerun.
reduced_physical_0.35_0.45_0.20,0.35,0.45,0.2,Random,0.02547667677195893,4,ParetoCrowding>MMR>SemanticOnly>Random>LEA>WeightedSum>TOPSIS,False,Saved final top-K lists rescored under alternative hybrid weights; primary rankings were not rerun.
reduced_physical_0.35_0.45_0.20,0.35,0.45,0.2,SemanticOnly,0.02594512264499804,3,ParetoCrowding>MMR>SemanticOnly>Random>LEA>WeightedSum>TOPSIS,False,Saved final top-K lists rescored under alternative hybrid weights; primary rankings were not rerun.
reduced_physical_0.35_0.45_0.20,0.35,0.45,0.2,TOPSIS,0.020332567647926184,6,ParetoCrowding>MMR>SemanticOnly>Random>LEA>WeightedSum>TOPSIS,False,Saved final top-K lists rescored under alternative hybrid weights; primary rankings were not rerun.
equal_components_0.333_0.333_0.333,0.3333333333333333,0.3333333333333333,0.3333333333333333,WeightedSum,0.018331938471560595,6,ParetoCrowding>MMR>SemanticOnly>Random>LEA>WeightedSum>TOPSIS,False,Saved final top-K lists rescored under alternative hybrid weights; primary rankings were not rerun.
equal_components_0.333_0.333_0.333,0.3333333333333333,0.3333333333333333,0.3333333333333333,LEA,0.021700395374343456,5,ParetoCrowding>MMR>SemanticOnly>Random>LEA>WeightedSum>TOPSIS,False,Saved final top-K lists rescored under alternative hybrid weights; primary rankings were not rerun.
equal_components_0.333_0.333_0.333,0.3333333333333333,0.3333333333333333,0.3333333333333333,MMR,0.02366227868351688,2,ParetoCrowding>MMR>SemanticOnly>Random>LEA>WeightedSum>TOPSIS,False,Saved final top-K lists rescored under alternative hybrid weights; primary rankings were not rerun.
equal_components_0.333_0.333_0.333,0.3333333333333333,0.3333333333333333,0.3333333333333333,ParetoCrowding,0.026253034100244835,1,ParetoCrowding>MMR>SemanticOnly>Random>LEA>WeightedSum>TOPSIS,False,Saved final top-K lists rescored under alternative hybrid weights; primary rankings were not rerun.
equal_components_0.333_0.333_0.333,0.3333333333333333,0.3333333333333333,0.3333333333333333,Random,0.02320194129165936,4,ParetoCrowding>MMR>SemanticOnly>Random>LEA>WeightedSum>TOPSIS,False,Saved final top-K lists rescored under alternative hybrid weights; primary rankings were not rerun.
equal_components_0.333_0.333_0.333,0.3333333333333333,0.3333333333333333,0.3333333333333333,SemanticOnly,0.02349680770506227,3,ParetoCrowding>MMR>SemanticOnly>Random>LEA>WeightedSum>TOPSIS,False,Saved final top-K lists rescored under alternative hybrid weights; primary rankings were not rerun.
equal_components_0.333_0.333_0.333,0.3333333333333333,0.3333333333333333,0.3333333333333333,TOPSIS,0.018331938471560595,6,ParetoCrowding>MMR>SemanticOnly>Random>LEA>WeightedSum>TOPSIS,False,Saved final top-K lists rescored under alternative hybrid weights; primary rankings were not rerun.
increased_physical_0.75_0.15_0.10,0.75,0.15,0.1,WeightedSum,0.016687130961444335,6,ParetoCrowding>MMR>SemanticOnly>Random>LEA>WeightedSum>TOPSIS,False,Saved final top-K lists rescored under alternative hybrid weights; primary rankings were not rerun.
increased_physical_0.75_0.15_0.10,0.75,0.15,0.1,LEA,0.020336315418370644,5,ParetoCrowding>MMR>SemanticOnly>Random>LEA>WeightedSum>TOPSIS,False,Saved final top-K lists rescored under alternative hybrid weights; primary rankings were not rerun.
increased_physical_0.75_0.15_0.10,0.75,0.15,0.1,MMR,0.0215376975798605,2,ParetoCrowding>MMR>SemanticOnly>Random>LEA>WeightedSum>TOPSIS,False,Saved final top-K lists rescored under alternative hybrid weights; primary rankings were not rerun.
increased_physical_0.75_0.15_0.10,0.75,0.15,0.1,ParetoCrowding,0.022729347258659813,1,ParetoCrowding>MMR>SemanticOnly>Random>LEA>WeightedSum>TOPSIS,False,Saved final top-K lists rescored under alternative hybrid weights; primary rankings were not rerun.
increased_physical_0.75_0.15_0.10,0.75,0.15,0.1,Random,0.02132064517889061,4,ParetoCrowding>MMR>SemanticOnly>Random>LEA>WeightedSum>TOPSIS,False,Saved final top-K lists rescored under alternative hybrid weights; primary rankings were not rerun.
increased_physical_0.75_0.15_0.10,0.75,0.15,0.1,SemanticOnly,0.021460607380983366,3,ParetoCrowding>MMR>SemanticOnly>Random>LEA>WeightedSum>TOPSIS,False,Saved final top-K lists rescored under alternative hybrid weights; primary rankings were not rerun.
increased_physical_0.75_0.15_0.10,0.75,0.15,0.1,TOPSIS,0.016687130961444335,6,ParetoCrowding>MMR>SemanticOnly>Random>LEA>WeightedSum>TOPSIS,False,Saved final top-K lists rescored under alternative hybrid weights; primary rankings were not rerun.
omit_graph_0.65_0.35_0.00,0.65,0.35,0.0,WeightedSum,0.01998226339629014,6,ParetoCrowding>MMR>SemanticOnly>Random>LEA>WeightedSum>TOPSIS,False,Saved final top-K lists rescored under alternative hybrid weights; primary rankings were not rerun.
omit_graph_0.65_0.35_0.00,0.65,0.35,0.0,LEA,0.023859233202318905,5,ParetoCrowding>MMR>SemanticOnly>Random>LEA>WeightedSum>TOPSIS,False,Saved final top-K lists rescored under alternative hybrid weights; primary rankings were not rerun.
omit_graph_0.65_0.35_0.00,0.65,0.35,0.0,MMR,0.02568090077533375,2,ParetoCrowding>MMR>SemanticOnly>Random>LEA>WeightedSum>TOPSIS,False,Saved final top-K lists rescored under alternative hybrid weights; primary rankings were not rerun.
omit_graph_0.65_0.35_0.00,0.65,0.35,0.0,ParetoCrowding,0.027852340763938912,1,ParetoCrowding>MMR>SemanticOnly>Random>LEA>WeightedSum>TOPSIS,False,Saved final top-K lists rescored under alternative hybrid weights; primary rankings were not rerun.
omit_graph_0.65_0.35_0.00,0.65,0.35,0.0,Random,0.025133275428705817,4,ParetoCrowding>MMR>SemanticOnly>Random>LEA>WeightedSum>TOPSIS,False,Saved final top-K lists rescored under alternative hybrid weights; primary rankings were not rerun.
omit_graph_0.65_0.35_0.00,0.65,0.35,0.0,SemanticOnly,0.025544028047145773,3,ParetoCrowding>MMR>SemanticOnly>Random>LEA>WeightedSum>TOPSIS,False,Saved final top-K lists rescored under alternative hybrid weights; primary rankings were not rerun.
omit_graph_0.65_0.35_0.00,0.65,0.35,0.0,TOPSIS,0.01998226339629014,6,ParetoCrowding>MMR>SemanticOnly>Random>LEA>WeightedSum>TOPSIS,False,Saved final top-K lists rescored under alternative hybrid weights; primary rankings were not rerun.
omit_formula_0.80_0.00_0.20,0.8,0.0,0.2,WeightedSum,0.012815970688124194,6,ParetoCrowding>Random>MMR>SemanticOnly>LEA>WeightedSum>TOPSIS,True,Saved final top-K lists rescored under alternative hybrid weights; primary rankings were not rerun.
omit_formula_0.80_0.00_0.20,0.8,0.0,0.2,LEA,0.016106475353400266,5,ParetoCrowding>Random>MMR>SemanticOnly>LEA>WeightedSum>TOPSIS,True,Saved final top-K lists rescored under alternative hybrid weights; primary rankings were not rerun.
omit_formula_0.80_0.00_0.20,0.8,0.0,0.2,MMR,0.016600449516424528,3,ParetoCrowding>Random>MMR>SemanticOnly>LEA>WeightedSum>TOPSIS,True,Saved final top-K lists rescored under alternative hybrid weights; primary rankings were not rerun.
omit_formula_0.80_0.00_0.20,0.8,0.0,0.2,ParetoCrowding,0.01670825793730278,1,ParetoCrowding>Random>MMR>SemanticOnly>LEA>WeightedSum>TOPSIS,True,Saved final top-K lists rescored under alternative hybrid weights; primary rankings were not rerun.
omit_formula_0.80_0.00_0.20,0.8,0.0,0.2,Random,0.016668550786035585,2,ParetoCrowding>Random>MMR>SemanticOnly>LEA>WeightedSum>TOPSIS,True,Saved final top-K lists rescored under alternative hybrid weights; primary rankings were not rerun.
omit_formula_0.80_0.00_0.20,0.8,0.0,0.2,SemanticOnly,0.01651063592623123,4,ParetoCrowding>Random>MMR>SemanticOnly>LEA>WeightedSum>TOPSIS,True,Saved final top-K lists rescored under alternative hybrid weights; primary rankings were not rerun.
omit_formula_0.80_0.00_0.20,0.8,0.0,0.2,TOPSIS,0.012815970688124194,6,ParetoCrowding>Random>MMR>SemanticOnly>LEA>WeightedSum>TOPSIS,True,Saved final top-K lists rescored under alternative hybrid weights; primary rankings were not rerun.
