query,query_id,seed,candidate_rank,qmof_id,semantic_score,relevance_score,availability_mask
lightweight gas storage MOFs with low density,q3_lightweight_storage,42,1,qmof-13a76dd,0.7285714285714285,0.9173960253168174,1|1|1|1
lightweight gas storage MOFs with low density,q3_lightweight_storage,42,2,qmof-e566fbb,0.7285714285714285,0.9173960253168174,1|1|1|1
lightweight gas storage MOFs with low density,q3_lightweight_storage,42,3,qmof-cef46c3,0.7285714285714285,0.9173960253168174,1|1|1|1
lightweight gas storage MOFs with low density,q3_lightweight_storage,42,4,qmof-a1a5849,0.7285714285714285,0.9173960253168174,1|1|1|1
lightweight gas storage MOFs with low density,q3_lightweight_storage,42,5,qmof-c0f392b,0.7285714285714285,0.9173960253168174,1|1|1|1
lightweight gas storage MOFs with low density,q3_lightweight_storage,42,6,qmof-235f291,0.7285714285714285,0.9173960253168174,1|1|1|1
lightweight gas storage MOFs with low density,q3_lightweight_storage,42,7,qmof-ac6a77a,0.7285714285714285,0.9173960253168174,1|1|1|1
lightweight gas storage MOFs with low density,q3_lightweight_storage,42,8,qmof-7e6da38,0.7285714285714285,0.894446371519854,1|0|1|1
lightweight gas storage MOFs with low density,q3_lightweight_storage,42,9,qmof-6ca03ae,0.7285714285714285,0.894446371519854,1|0|1|1
lightweight gas storage MOFs with low density,q3_lightweight_storage,42,10,qmof-14332ab,0.7285714285714285,0.894446371519854,1|0|1|1
lightweight gas storage MOFs with low density,q3_lightweight_storage,42,11,qmof-677bee0,0.7285714285714285,0.894446371519854,1|0|1|1
lightweight gas storage MOFs with low density,q3_lightweight_storage,42,12,qmof-52799e2,0.7285714285714285,0.894446371519854,1|0|1|1
lightweight gas storage MOFs with low density,q3_lightweight_storage,42,13,qmof-ff091c1,0.7285714285714285,0.894446371519854,1|0|1|1
lightweight gas storage MOFs with low density,q3_lightweight_storage,42,14,qmof-44399ca,0.7285714285714285,0.894446371519854,1|0|1|1
lightweight gas storage MOFs with low density,q3_lightweight_storage,42,15,qmof-4b4a465,0.7285714285714285,0.894446371519854,1|0|1|1
lightweight gas storage MOFs with low density,q3_lightweight_storage,42,16,qmof-e6f618b,0.7285714285714285,0.894446371519854,1|0|1|1
lightweight gas storage MOFs with low density,q3_lightweight_storage,42,17,qmof-72aa3fa,0.7285714285714285,0.894446371519854,1|0|1|1
lightweight gas storage MOFs with low density,q3_lightweight_storage,42,18,qmof-c406647,0.7285714285714285,0.894446371519854,1|0|1|1
lightweight gas storage MOFs with low density,q3_lightweight_storage,42,19,qmof-df254df,0.7285714285714285,0.894446371519854,1|0|1|1
lightweight gas storage MOFs with low density,q3_lightweight_storage,42,20,qmof-a9b0ac2,0.7285714285714285,0.894446371519854,1|0|1|1
lightweight gas storage MOFs with low density,q3_lightweight_storage,42,21,qmof-11a42ea,0.7285714285714285,0.894446371519854,1|0|1|1
lightweight gas storage MOFs with low density,q3_lightweight_storage,42,22,qmof-384ba2d,0.7285714285714285,0.894446371519854,1|0|1|1
lightweight gas storage MOFs with low density,q3_lightweight_storage,42,23,qmof-14e7e8b,0.7285714285714285,0.894446371519854,1|0|1|1
lightweight gas storage MOFs with low density,q3_lightweight_storage,42,24,qmof-7947dc7,0.7285714285714285,0.894446371519854,1|0|1|1
lightweight gas storage MOFs with low density,q3_lightweight_storage,42,25,qmof-e16acde,0.7285714285714285,0.894446371519854,1|0|1|1
lightweight gas storage MOFs with low density,q3_lightweight_storage,42,26,qmof-e8efc9d,0.7285714285714285,0.894446371519854,1|0|1|1
lightweight gas storage MOFs with low density,q3_lightweight_storage,42,27,qmof-f5008e0,0.7285714285714285,0.894446371519854,1|0|1|1
lightweight gas storage MOFs with low density,q3_lightweight_storage,42,28,qmof-f82b5e3,0.7285714285714285,0.894446371519854,1|0|1|1
lightweight gas storage MOFs with low density,q3_lightweight_storage,42,29,qmof-f28b766,0.7285714285714285,0.894446371519854,1|0|1|1
lightweight gas storage MOFs with low density,q3_lightweight_storage,42,30,qmof-42e7848,0.7285714285714285,0.894446371519854,1|0|1|1
lightweight gas storage MOFs with low density,q3_lightweight_storage,42,31,qmof-db81b8a,0.7285714285714285,0.894446371519854,1|0|1|1
lightweight gas storage MOFs with low density,q3_lightweight_storage,42,32,qmof-ba030f6,0.7285714285714285,0.894446371519854,1|0|1|1
lightweight gas storage MOFs with low density,q3_lightweight_storage,42,33,qmof-aa6660b,0.7285714285714285,0.894446371519854,1|0|1|1
lightweight gas storage MOFs with low density,q3_lightweight_storage,42,34,qmof-0acccbc,0.7285714285714285,0.894446371519854,1|0|1|1
lightweight gas storage MOFs with low density,q3_lightweight_storage,42,35,qmof-5c67a6f,0.7285714285714285,0.894446371519854,1|0|1|1
lightweight gas storage MOFs with low density,q3_lightweight_storage,42,36,qmof-fa666a1,0.7285714285714285,0.894446371519854,1|0|1|1
lightweight gas storage MOFs with low density,q3_lightweight_storage,42,37,qmof-38471da,0.7285714285714285,0.894446371519854,1|0|1|1
lightweight gas storage MOFs with low density,q3_lightweight_storage,42,38,qmof-2308de6,0.7285714285714285,0.894446371519854,1|0|1|1
lightweight gas storage MOFs with low density,q3_lightweight_storage,42,39,qmof-efd24b7,0.7285714285714285,0.894446371519854,1|0|1|1
lightweight gas storage MOFs with low density,q3_lightweight_storage,42,40,qmof-33b0cbe,0.7285714285714285,0.894446371519854,1|0|1|1
lightweight gas storage MOFs with low density,q3_lightweight_storage,42,41,qmof-5512eaf,0.7285714285714285,0.894446371519854,1|0|1|1
lightweight gas storage MOFs with low density,q3_lightweight_storage,42,42,qmof-5ec1870,0.7285714285714285,0.894446371519854,1|0|1|1
lightweight gas storage MOFs with low density,q3_lightweight_storage,42,43,qmof-8c2e3e2,0.7285714285714285,0.894446371519854,1|0|1|1
lightweight gas storage MOFs with low density,q3_lightweight_storage,42,44,qmof-d14fd27,0.7285714285714285,0.894446371519854,1|0|1|1
lightweight gas storage MOFs with low density,q3_lightweight_storage,42,45,qmof-5658f69,0.7285714285714285,0.894446371519854,1|0|1|1
lightweight gas storage MOFs with low density,q3_lightweight_storage,42,46,qmof-8d258c7,0.7285714285714285,0.894446371519854,1|0|1|1
lightweight gas storage MOFs with low density,q3_lightweight_storage,42,47,qmof-2cd9068,0.7285714285714285,0.894446371519854,1|0|1|1
lightweight gas storage MOFs with low density,q3_lightweight_storage,42,48,qmof-712f64c,0.7285714285714285,0.894446371519854,1|0|1|1
lightweight gas storage MOFs with low density,q3_lightweight_storage,42,49,qmof-decd7a9,0.7285714285714285,0.894446371519854,1|0|1|1
lightweight gas storage MOFs with low density,q3_lightweight_storage,42,50,qmof-d46f640,0.7285714285714285,0.894446371519854,1|0|1|1
lightweight gas storage MOFs with low density,q3_lightweight_storage,42,51,qmof-cc20050,0.7285714285714285,0.894446371519854,1|0|1|1
lightweight gas storage MOFs with low density,q3_lightweight_storage,42,52,qmof-a2d8489,0.7285714285714285,0.894446371519854,1|0|1|1
lightweight gas storage MOFs with low density,q3_lightweight_storage,42,53,qmof-e7e4053,0.7285714285714285,0.894446371519854,1|0|1|1
lightweight gas storage MOFs with low density,q3_lightweight_storage,42,54,qmof-409e539,0.7285714285714285,0.894446371519854,1|0|1|1
lightweight gas storage MOFs with low density,q3_lightweight_storage,42,55,qmof-07a0248,0.7285714285714285,0.894446371519854,1|0|1|1
lightweight gas storage MOFs with low density,q3_lightweight_storage,42,56,qmof-7b3cc9c,0.7285714285714285,0.894446371519854,1|0|1|1
lightweight gas storage MOFs with low density,q3_lightweight_storage,42,57,qmof-7b65be8,0.7285714285714285,0.894446371519854,1|0|1|1
lightweight gas storage MOFs with low density,q3_lightweight_storage,42,58,qmof-833e46c,0.7285714285714285,0.894446371519854,1|0|1|1
lightweight gas storage MOFs with low density,q3_lightweight_storage,42,59,qmof-2549388,0.7285714285714285,0.894446371519854,1|0|1|1
lightweight gas storage MOFs with low density,q3_lightweight_storage,42,60,qmof-0684a95,0.7285714285714285,0.894446371519854,1|0|1|1
lightweight gas storage MOFs with low density,q3_lightweight_storage,42,61,qmof-abc0aa1,0.7285714285714285,0.894446371519854,1|0|1|1
lightweight gas storage MOFs with low density,q3_lightweight_storage,42,62,qmof-cd62d7d,0.7285714285714285,0.894446371519854,1|0|1|1
lightweight gas storage MOFs with low density,q3_lightweight_storage,42,63,qmof-0f39fa4,0.7285714285714285,0.894446371519854,1|0|1|1
lightweight gas storage MOFs with low density,q3_lightweight_storage,42,64,qmof-836a415,0.7285714285714285,0.894446371519854,1|0|1|1
lightweight gas storage MOFs with low density,q3_lightweight_storage,42,65,qmof-806e25c,0.7285714285714285,0.894446371519854,1|0|1|1
lightweight gas storage MOFs with low density,q3_lightweight_storage,42,66,qmof-d038f1b,0.7285714285714285,0.894446371519854,1|0|1|1
lightweight gas storage MOFs with low density,q3_lightweight_storage,42,67,qmof-606e1e2,0.7285714285714285,0.894446371519854,1|0|1|1
lightweight gas storage MOFs with low density,q3_lightweight_storage,42,68,qmof-356051c,0.7285714285714285,0.894446371519854,1|0|1|1
lightweight gas storage MOFs with low density,q3_lightweight_storage,42,69,qmof-5af4c97,0.7285714285714285,0.894446371519854,1|0|1|1
lightweight gas storage MOFs with low density,q3_lightweight_storage,42,70,qmof-2021dad,0.7285714285714285,0.894446371519854,1|0|1|1
lightweight gas storage MOFs with low density,q3_lightweight_storage,42,71,qmof-b5c66f3,0.7285714285714285,0.894446371519854,1|0|1|1
lightweight gas storage MOFs with low density,q3_lightweight_storage,42,72,qmof-d04e7ab,0.7285714285714285,0.894446371519854,1|0|1|1
lightweight gas storage MOFs with low density,q3_lightweight_storage,42,73,qmof-03acc57,0.7285714285714285,0.894446371519854,1|0|1|1
lightweight gas storage MOFs with low density,q3_lightweight_storage,42,74,qmof-9fd50d5,0.7285714285714285,0.894446371519854,1|0|1|1
lightweight gas storage MOFs with low density,q3_lightweight_storage,42,75,qmof-3b397bb,0.7285714285714285,0.894446371519854,1|0|1|1
lightweight gas storage MOFs with low density,q3_lightweight_storage,42,76,qmof-71adb34,0.7285714285714285,0.894446371519854,1|0|1|1
lightweight gas storage MOFs with low density,q3_lightweight_storage,42,77,qmof-708b1a8,0.7285714285714285,0.894446371519854,1|0|1|1
lightweight gas storage MOFs with low density,q3_lightweight_storage,42,78,qmof-3bb58fe,0.7285714285714285,0.894446371519854,1|0|1|1
lightweight gas storage MOFs with low density,q3_lightweight_storage,42,79,qmof-47e3d9b,0.7285714285714285,0.894446371519854,1|0|1|1
lightweight gas storage MOFs with low density,q3_lightweight_storage,42,80,qmof-585ceb5,0.7285714285714285,0.894446371519854,1|0|1|1
lightweight gas storage MOFs with low density,q3_lightweight_storage,42,81,qmof-5948e3e,0.7285714285714285,0.894446371519854,1|0|1|1
lightweight gas storage MOFs with low density,q3_lightweight_storage,42,82,qmof-308beb7,0.7285714285714285,0.894446371519854,1|0|1|1
lightweight gas storage MOFs with low density,q3_lightweight_storage,42,83,qmof-b2b9a3a,0.7285714285714285,0.894446371519854,1|0|1|1
lightweight gas storage MOFs with low density,q3_lightweight_storage,42,84,qmof-f7232de,0.7285714285714285,0.894446371519854,1|0|1|1
lightweight gas storage MOFs with low density,q3_lightweight_storage,42,85,qmof-0182c67,0.7285714285714285,0.894446371519854,1|0|1|1
lightweight gas storage MOFs with low density,q3_lightweight_storage,42,86,qmof-7f3b860,0.7285714285714285,0.894446371519854,1|0|1|1
lightweight gas storage MOFs with low density,q3_lightweight_storage,42,87,qmof-fbe14b0,0.7285714285714285,0.894446371519854,1|0|1|1
lightweight gas storage MOFs with low density,q3_lightweight_storage,42,88,qmof-6cac3d1,0.7285714285714285,0.894446371519854,1|0|1|1
lightweight gas storage MOFs with low density,q3_lightweight_storage,42,89,qmof-e5d8ebb,0.7285714285714285,0.894446371519854,1|0|1|1
lightweight gas storage MOFs with low density,q3_lightweight_storage,42,90,qmof-e2787da,0.7285714285714285,0.894446371519854,1|0|1|1
lightweight gas storage MOFs with low density,q3_lightweight_storage,42,91,qmof-c09d082,0.7285714285714285,0.894446371519854,1|0|1|1
lightweight gas storage MOFs with low density,q3_lightweight_storage,42,92,qmof-74d6dbe,0.7285714285714285,0.894446371519854,1|0|1|1
lightweight gas storage MOFs with low density,q3_lightweight_storage,42,93,qmof-51e588e,0.7285714285714285,0.894446371519854,1|0|1|1
lightweight gas storage MOFs with low density,q3_lightweight_storage,42,94,qmof-06a973f,0.7285714285714285,0.894446371519854,1|0|1|1
lightweight gas storage MOFs with low density,q3_lightweight_storage,42,95,qmof-599995e,0.7285714285714285,0.894446371519854,1|0|1|1
lightweight gas storage MOFs with low density,q3_lightweight_storage,42,96,qmof-ae283f2,0.7285714285714285,0.894446371519854,1|0|1|1
lightweight gas storage MOFs with low density,q3_lightweight_storage,42,97,qmof-f1b24ea,0.7285714285714285,0.894446371519854,1|0|1|1
lightweight gas storage MOFs with low density,q3_lightweight_storage,42,98,qmof-51a592d,0.7285714285714285,0.894446371519854,1|0|1|1
lightweight gas storage MOFs with low density,q3_lightweight_storage,42,99,qmof-fde6499,0.7285714285714285,0.894446371519854,1|0|1|1
lightweight gas storage MOFs with low density,q3_lightweight_storage,42,100,qmof-6e4f021,0.7285714285714285,0.894446371519854,1|0|1|1
